speaker,duration
SPEAKER_01,803.3500000000024
SPEAKER_00,794.7599999999959
SPEAKER_03,387.4900000000009
SPEAKER_02,332.73999999999955
SPEAKER_04,248.9200000000005
